,Player,Age,League,Position,Team,Birth country,Non-penalty goals per 90,npxG per 90,"Successful dribbles, %","Goal conversion, %",Touches in box per 90,"Accurate short / medium passes, %",Passes per 90,Shot assists per 90,xA per 90,Assists per 90,Second assists per 90,Third assists per 90,Progressive passes per 90,Progressive runs per 90,"Duels won, %",pAdj Tkl+Int per 90,Successful defensive actions per 90,PAdj Sliding tackles,"Defensive duels won, %",Fouls per 90,Cards per 90,Shots blocked per 90,PAdj Interceptions,"Aerial duels won, %","Accurate long passes, %","1st, 2nd, 3rd assists",Conceded goals per 90,Prevented goals per 90,Shots against per 90,"Save rate, %",Exits per 90,Passes,"Long Pass
Cmp %","% of Passes
Being Short","% of Passes
Being Lateral","Received
Passes",Goals prevented %,"Accurate passes, %",Shots per 90,"Accurate crosses, %",Smart passes per 90,xA per Shot Assist,Accelerations per 90,Aerial duels won per 90,Fouls suffered per 90,npxG per shot,Crosses per 90
0,T. Firmansyah,21,BRI Liga 1 25-26,"LCMF, RCMF, LDMF",Persebaya Surabaya,Indonesia,0.13114754098360656,0.08196721311475409,0.9836065573770492,0.12295081967213115,0.11475409836065574,0.6229508196721312,0.21311475409836064,0.19672131147540983,0.1885245901639344,0.3442622950819672,0.22950819672131148,0.680327868852459,0.16393442622950818,0.2540983606557377,0.36065573770491804,0.9344262295081968,0.9016393442622951,1,0.21311475409836064,0.0901639344262295,0.049180327868852514,0.9836065573770492,0.7786885245901639,0.18032786885245902,0.22950819672131148,0.30327868852459017,0.4918032786885246,0.5081967213114754,0.5491803278688525,0.6721311475409836,0.5081967213114754,0.21311475409836064,0.22950819672131148,0.5081967213114754,0.19672131147540983,0.13114754098360656,0.5081967213114754,0.6065573770491803,0.22950819672131148,0.11475409836065574,0.11475409836065574,0.28688524590163933,0.4262295081967213,0.4426229508196721,0.5901639344262295,0.04918032786885246,0.39344262295081966
1,Arkhan Fikri,21,BRI Liga 1 25-26,"LCMF, LCMF3, LDMF",Arema,Indonesia,0.5983606557377049,0.5901639344262295,0.23770491803278687,0.6885245901639344,0.5245901639344263,0.639344262295082,0.8360655737704918,0.7704918032786885,0.7131147540983607,0.3442622950819672,0.22950819672131148,0.9508196721311475,0.45901639344262296,0.6885245901639344,0.8688524590163934,0.26229508196721313,0.32786885245901637,0.9344262295081968,0.8852459016393442,0.9672131147540983,0.7377049180327868,0.29508196721311475,0.13934426229508196,0.36065573770491804,0.5737704918032787,0.6885245901639344,0.4918032786885246,0.5081967213114754,0.39344262295081966,0.7868852459016393,0.5081967213114754,0.8360655737704918,0.5737704918032787,0.5081967213114754,0.7213114754098361,0.8688524590163934,0.5081967213114754,0.6885245901639344,0.4016393442622951,0.7704918032786885,0.8934426229508197,0.5737704918032787,0.8524590163934426,0.2459016393442623,0.7540983606557377,0.7704918032786885,0.6065573770491803
2,Zanadin Fariz,21,BRI Liga 1 25-26,"LCMF, LCMF3, LDMF",Persis Solo,Indonesia,0.3442622950819672,0.29508196721311475,0.9344262295081968,0.36065573770491804,0.3770491803278688,0.36065573770491804,0.5901639344262295,0.7295081967213115,0.5573770491803278,0.639344262295082,0.8032786885245902,0.30327868852459017,0.639344262295082,0.7540983606557377,1,0.4426229508196721,0.4016393442622951,0.48360655737704916,0.4262295081967213,0.9836065573770492,0.6721311475409837,0.6229508196721312,0.47540983606557374,0.6557377049180327,0.16393442622950818,0.6475409836065574,0.4918032786885246,0.5081967213114754,0.21311475409836067,0.7704918032786885,0.5081967213114754,0.5901639344262295,0.16393442622950818,0.5081967213114754,0.7868852459016393,0.6229508196721312,0.5081967213114754,0.45901639344262296,0.3442622950819672,0.639344262295082,0.6311475409836066,0.4262295081967213,0.8770491803278688,0.47540983606557374,1,0.29508196721311475,0.6311475409836066
3,Y. Putra,22,BRI Liga 1 25-26,"LCMF, LDMF, DMF",PSBS Biak Numfor,Indonesia,0.5,0.36065573770491804,0.7540983606557377,0.4672131147540984,0.3360655737704918,0.47540983606557374,0.6229508196721312,0.3360655737704918,0.1885245901639344,0.5737704918032787,0.22950819672131148,0.680327868852459,0.39344262295081966,0.8032786885245902,0.5901639344262295,0.5901639344262295,0.8032786885245902,0.39344262295081966,0.6557377049180327,0.819672131147541,0.8360655737704918,0.6475409836065574,0.6229508196721312,0.30327868852459017,0.11475409836065574,0.4426229508196721,0.4918032786885246,0.5081967213114754,0.3114754098360656,0.9180327868852459,0.5081967213114754,0.6229508196721312,0.11475409836065574,0.5081967213114754,0.14754098360655737,0.5573770491803278,0.5081967213114754,0.639344262295082,0.5409836065573771,0.4180327868852459,0.4098360655737705,0.11475409836065574,0.8360655737704918,0.3114754098360656,0.8032786885245902,0.2459016393442623,0.16393442622950818
4,R. Rakhmatzoda,22,BRI Liga 1 25-26,"LDMF, RDMF, RCMF",PSIM Yogyakarta,Tajikistan,0.3442622950819672,0.26229508196721313,0.16393442622950818,0.26229508196721313,0.19672131147540983,0.7540983606557377,0.8688524590163934,0.45901639344262296,0.2540983606557377,0.13114754098360656,0.5573770491803278,0.860655737704918,0.5573770491803278,0.4098360655737705,0.5573770491803278,0.5081967213114754,0.4918032786885246,0.08196721311475409,0.819672131147541,0.48360655737704916,0.7704918032786885,0.7950819672131147,0.5737704918032787,0.45901639344262296,0.4344262295081967,0.5,0.4918032786885246,0.5081967213114754,0.7213114754098361,0.7540983606557377,0.5081967213114754,0.8688524590163934,0.4344262295081967,0.5081967213114754,0.06557377049180328,0.8852459016393442,0.5081967213114754,0.7540983606557377,0.6557377049180327,0.639344262295082,0.11475409836065574,0.14754098360655737,0.16393442622950818,0.5901639344262295,0.08196721311475409,0.09836065573770492,0.3114754098360656
5,Muhammad Hannan,22,BRI Liga 1 25-26,"AMF, CF, LWF",Persija,Indonesia,0.9344262295081968,0.8852459016393442,0.9180327868852459,0.8032786885245902,0.9344262295081968,0.7377049180327869,0.4918032786885246,0.8032786885245902,0.7622950819672131,0.639344262295082,1,0.30327868852459017,0.13114754098360656,0.7213114754098361,0.9016393442622951,0.7049180327868853,0.6639344262295082,0.9180327868852459,1,0.4426229508196722,0.7704918032786885,0.22131147540983606,0.6065573770491803,0.01639344262295082,0.26229508196721313,0.9508196721311475,0.4918032786885246,0.5081967213114754,0.1311475409836066,0.32786885245901637,0.5081967213114754,0.4918032786885246,0.26229508196721313,0.5081967213114754,0.11475409836065574,0.6557377049180327,0.5081967213114754,0.47540983606557374,0.819672131147541,0.3442622950819672,0.819672131147541,0.5409836065573771,0.639344262295082,0.03278688524590164,0.26229508196721313,0.819672131147541,0.9836065573770492
6,Rivaldo Pakpahan,23,BRI Liga 1 25-26,"DMF, RDMF, LDMF",Borneo FC,Indonesia,0.13114754098360656,0.01639344262295082,0.8688524590163934,0.12295081967213115,0.03278688524590164,0.9672131147540983,0.7868852459016393,0.01639344262295082,0.040983606557377046,0.3442622950819672,0.22950819672131148,0.860655737704918,0.22950819672131148,0.14754098360655737,0.9836065573770492,0.8852459016393442,0.8852459016393442,0.39344262295081966,0.7868852459016393,0.30327868852459017,0.6311475409836065,0.9016393442622951,0.9016393442622951,0.7704918032786885,0.5901639344262295,0.5,0.4918032786885246,0.5081967213114754,0.9016393442622951,0.9508196721311475,0.5081967213114754,0.7868852459016393,0.5901639344262295,0.5081967213114754,0.01639344262295082,0.7704918032786885,0.5081967213114754,0.9836065573770492,0.03278688524590164,0.040983606557377046,0.29508196721311475,0.040983606557377046,0.16393442622950818,0.5737704918032787,0.5081967213114754,0.03278688524590164,0.01639344262295082
7,Eduardo Barbosa,23,BRI Liga 1 25-26,"RCMF, RDMF, LCMF",PSBS Biak Numfor,Portugal,0.5,0.4098360655737705,0.7049180327868853,0.39344262295081966,0.5901639344262295,0.5983606557377049,0.4262295081967213,0.21311475409836064,0.3442622950819672,0.2786885245901639,0.7377049180327869,0.6229508196721312,0.29508196721311475,0.8688524590163934,0.13114754098360656,0.3114754098360656,0.26229508196721313,0.14754098360655737,0.18032786885245902,0.6311475409836065,0.8360655737704918,0.8852459016393442,0.3770491803278688,0.2786885245901639,0.7704918032786885,0.5573770491803278,0.4918032786885246,0.5081967213114754,0.14754098360655743,0.16393442622950818,0.5081967213114754,0.4262295081967213,0.7704918032786885,0.5081967213114754,0.21311475409836064,0.4262295081967213,0.5081967213114754,0.5081967213114754,0.5901639344262295,0.5573770491803278,0.11475409836065574,0.7540983606557377,0.9836065573770492,0.3770491803278688,0.1885245901639344,0.2786885245901639,0.7377049180327869
8,T. Yachida,24,BRI Liga 1 25-26,"AMF, CF, RCMF3",Bali United,Japan,0.9672131147540983,1,0.7377049180327869,0.7540983606557377,1,0.06557377049180328,0.09836065573770492,0.9426229508196722,0.9754098360655737,0.9836065573770492,0.9262295081967213,0.7950819672131147,0.3770491803278688,0.6721311475409836,0.26229508196721313,0.04918032786885246,0.01639344262295082,0.36065573770491804,0.8524590163934426,0.9180327868852459,0.9098360655737705,0.14754098360655737,0.03278688524590164,0.14754098360655737,0.14754098360655737,0.9836065573770492,0.4918032786885246,0.5081967213114754,0.09836065573770492,0.3770491803278688,0.5081967213114754,0.09836065573770492,0.14754098360655737,0.5081967213114754,0.9836065573770492,0.14754098360655737,0.5081967213114754,0.06557377049180328,0.9836065573770492,0.39344262295081966,0.8934426229508197,0.8524590163934426,0.3770491803278688,0.22950819672131148,0.16393442622950818,0.9344262295081968,0.9344262295081968
9,T. Muslihuddin,24,BRI Liga 1 25-26,"LCMF3, AMF",Madura United,Indonesia,0.8114754098360656,0.8524590163934426,0.29508196721311475,0.6557377049180327,0.8852459016393442,0.11475409836065574,0.6557377049180327,0.7049180327868853,0.5573770491803278,0.13114754098360656,0.8032786885245902,0.30327868852459017,0.5819672131147541,0.45901639344262296,0.18032786885245902,0.5245901639344263,0.5573770491803278,0.9672131147540983,0.5409836065573771,0.6311475409836065,0.7704918032786885,0.5901639344262295,0.30327868852459017,0.5409836065573771,0.47540983606557374,0.30327868852459017,0.4918032786885246,0.5081967213114754,0.2622950819672131,0.5245901639344263,0.5081967213114754,0.6557377049180327,0.47540983606557374,0.5081967213114754,0.5409836065573771,0.45901639344262296,0.5081967213114754,0.16393442622950818,0.6885245901639344,0.6721311475409836,0.11475409836065574,0.47540983606557374,0.4098360655737705,0.5409836065573771,0.48360655737704916,0.8852459016393442,0.819672131147541
10,Savio Sheva,25,BRI Liga 1 25-26,"AMF, DMF, RDMF",PSIM Yogyakarta,Indonesia,0.8360655737704918,0.7049180327868853,0.11475409836065574,0.5081967213114754,0.7377049180327869,0.9508196721311475,0.22950819672131148,0.7868852459016393,0.6885245901639344,0.5163934426229508,0.22950819672131148,0.30327868852459017,0.01639344262295082,0.09836065573770492,0.16393442622950818,0.47540983606557374,0.21311475409836064,0.4426229508196721,0.39344262295081966,0.8360655737704918,0.3278688524590164,0.14754098360655737,0.5081967213114754,0.03278688524590164,0.6557377049180327,0.22131147540983606,0.4918032786885246,0.5081967213114754,0.42622950819672134,0.8688524590163934,0.5081967213114754,0.22950819672131148,0.6557377049180327,0.5081967213114754,0.03278688524590164,0.3770491803278688,0.5081967213114754,0.9426229508196722,0.9016393442622951,1,0.11475409836065574,0.45901639344262296,0.16393442622950818,0.18032786885245902,0.9508196721311475,0.32786885245901637,0.4262295081967213
11,F.  Sudin,25,BRI Liga 1 25-26,"AMF, CF, LCMF3",PSIM Yogyakarta,Indonesia,0.6721311475409836,0.9508196721311475,0.18032786885245902,0.39344262295081966,0.9836065573770492,0.16393442622950818,0.08196721311475409,0.7540983606557377,0.4262295081967213,0.7950819672131147,0.8934426229508197,0.30327868852459017,0.03278688524590164,0.7049180327868853,0.03278688524590164,0.06557377049180328,0.11475409836065574,0.39344262295081966,0.08196721311475409,0.4098360655737705,0.2786885245901639,0.14754098360655737,0.06557377049180328,0.04918032786885246,0.03278688524590164,0.7540983606557377,0.4918032786885246,0.5081967213114754,0.180327868852459,0.8524590163934426,0.5081967213114754,0.08196721311475409,0.03278688524590164,0.5081967213114754,0.6721311475409836,0.26229508196721313,0.5081967213114754,0.22950819672131148,0.8524590163934426,0.7213114754098361,0.7213114754098361,0.19672131147540983,0.639344262295082,0.36065573770491804,0.7704918032786885,0.8688524590163934,0.6311475409836066
12,R. Wahyudi,25,BRI Liga 1 25-26,"RDMF, RCMF, LCMF",Semen Padang,Indonesia,0.3442622950819672,0.16393442622950818,0.4672131147540984,0.4672131147540984,0.14754098360655737,0.3770491803278688,0.5081967213114754,0.26229508196721313,0.2540983606557377,0.13114754098360656,0.5573770491803278,0.30327868852459017,0.26229508196721313,0.639344262295082,0.7049180327868853,0.7704918032786885,0.9672131147540983,0.7622950819672131,0.7377049180327869,0.7049180327868853,0.4918032786885246,0.29508196721311475,0.7540983606557377,0.6065573770491803,0.8688524590163934,0.14754098360655737,0.4918032786885246,0.5081967213114754,0.4426229508196722,0.7049180327868853,0.5081967213114754,0.5081967213114754,0.8688524590163934,0.5081967213114754,0.4098360655737705,0.4098360655737705,0.5081967213114754,0.5573770491803278,0.29508196721311475,0.639344262295082,0.11475409836065574,0.3770491803278688,0.7704918032786885,0.26229508196721313,0.639344262295082,0.13114754098360656,0.36065573770491804
13,J. Villa,26,BRI Liga 1 25-26,"AMF, RCMF3, RWF",Borneo FC,Colombia,1,0.9016393442622951,0.2786885245901639,0.9344262295081968,0.8360655737704918,0.45901639344262296,0.8852459016393442,0.9180327868852459,0.9754098360655737,0.9098360655737705,0.6885245901639344,0.30327868852459017,0.9508196721311475,1,0.29508196721311475,0.21311475409836064,0.4426229508196721,0.5163934426229508,0.9180327868852459,0.8524590163934427,0.6065573770491803,0.08196721311475409,0.19672131147540983,0.39344262295081966,0.7377049180327869,0.8032786885245902,0.4918032786885246,0.5081967213114754,0.016393442622950838,0.11475409836065574,0.5081967213114754,0.8852459016393442,0.7377049180327869,0.5081967213114754,0.639344262295082,0.9180327868852459,0.5081967213114754,0.2786885245901639,0.9344262295081968,0.36065573770491804,0.9754098360655737,0.8688524590163934,0.7950819672131147,0.29508196721311475,0.7868852459016393,0.6229508196721312,0.9016393442622951
14,B. Otto,26,BRI Liga 1 25-26,"LCMF3, LCMF, RCMF3",Persik Kediri,Indonesia,0.13114754098360656,0.09836065573770492,0.9672131147540983,0.12295081967213115,0.6557377049180327,0.4918032786885246,0.30327868852459017,0.5655737704918032,0.7131147540983607,0.5163934426229508,0.6885245901639344,0.30327868852459017,0.04918032786885246,0.4426229508196721,0.7704918032786885,0.29508196721311475,0.4262295081967213,0.4262295081967213,0.6885245901639344,0.4098360655737705,0.4918032786885246,0.14754098360655737,0.30327868852459017,0.9344262295081968,0.9016393442622951,0.5,0.4918032786885246,0.5081967213114754,0.7786885245901639,0.9672131147540983,0.5081967213114754,0.30327868852459017,0.9016393442622951,0.5081967213114754,0.18032786885245902,0.3114754098360656,0.5081967213114754,0.819672131147541,0.01639344262295082,0.8770491803278688,0.11475409836065574,0.9180327868852459,0.16393442622950818,0.7377049180327869,0.9016393442622951,0.19672131147540983,0.2786885245901639
15,K. Agung,27,BRI Liga 1 25-26,"RCMF, RDMF, LDMF",Bali United,Indonesia,0.7704918032786885,0.7377049180327869,0.9508196721311475,0.9016393442622951,0.6885245901639344,0.22950819672131148,0.26229508196721313,0.5163934426229508,0.6475409836065574,0.639344262295082,0.22950819672131148,0.680327868852459,0.6229508196721312,0.319672131147541,0.3114754098360656,0.8032786885245902,0.7213114754098361,0.5819672131147541,0.3114754098360656,0.4590163934426229,0.5655737704918034,0.8278688524590164,0.819672131147541,0.32786885245901637,0.07377049180327869,0.5,0.4918032786885246,0.5081967213114754,0.47540983606557374,0.5901639344262295,0.5081967213114754,0.26229508196721313,0.07377049180327869,0.5081967213114754,0.9344262295081968,0.19672131147540983,0.5081967213114754,0.2459016393442623,0.5081967213114754,0.6885245901639344,0.9754098360655737,0.7704918032786885,0.5655737704918032,0.5573770491803278,0.39344262295081966,0.9508196721311475,0.09836065573770492
16,J. Wehrmann,27,BRI Liga 1 25-26,"LCMF3, RCMF3, RDMF",Madura United,Netherlands,0.639344262295082,0.4426229508196721,0.9016393442622951,0.6065573770491803,0.639344262295082,0.26229508196721313,0.4426229508196721,0.639344262295082,0.7622950819672131,0.860655737704918,0.48360655737704916,0.9098360655737705,0.7049180327868853,0.5737704918032787,0.7377049180327869,0.19672131147540983,0.4016393442622951,0.19672131147540983,0.9672131147540983,0.8032786885245902,0.7131147540983607,0.14754098360655737,0.2459016393442623,0.21311475409836064,0.4918032786885246,0.8278688524590164,0.4918032786885246,0.5081967213114754,0.2786885245901639,0.2459016393442623,0.5081967213114754,0.4426229508196721,0.4918032786885246,0.5081967213114754,0.7704918032786885,0.47540983606557374,0.5081967213114754,0.26229508196721313,0.5245901639344263,0.9344262295081968,0.7622950819672131,0.9344262295081968,0.7377049180327869,0.19672131147540983,0.36065573770491804,0.4262295081967213,0.7049180327868853
17,M. Mustafić,27,BRI Liga 1 25-26,"AMF, LW, LCMF",Bali United,Bosnia and Herzegovina,0.8934426229508197,0.8688524590163934,0.4016393442622951,0.8688524590163934,0.9508196721311475,0.03278688524590164,0.01639344262295082,0.7295081967213115,0.6475409836065574,0.639344262295082,0.8032786885245902,0.30327868852459017,0.06557377049180328,0.39344262295081966,0.39344262295081966,0.5573770491803278,0.3114754098360656,0.8688524590163934,0.32786885245901637,0.5163934426229508,0.29508196721311475,0.22131147540983606,0.4262295081967213,0.39344262295081966,0.01639344262295082,0.6475409836065574,0.4918032786885246,0.5081967213114754,0.3278688524590164,0.03278688524590164,0.5081967213114754,0.01639344262295082,0.01639344262295082,0.5081967213114754,0.32786885245901637,0.04918032786885246,0.5081967213114754,0.03278688524590164,0.9672131147540983,0.2786885245901639,0.4344262295081967,0.4918032786885246,0.16393442622950818,0.08196721311475409,0.7377049180327869,0.5737704918032787,0.8032786885245902
18,Pedro Matos,28,BRI Liga 1 25-26,"AMF, CF, LDMF",Persebaya Surabaya,Portugal,0.4180327868852459,0.6065573770491803,0.19672131147540983,0.319672131147541,0.6229508196721312,0.09836065573770492,0.16393442622950818,0.6065573770491803,0.8278688524590164,0.7213114754098361,0.22950819672131148,0.30327868852459017,0.47540983606557374,0.5327868852459017,0.14754098360655737,0.2786885245901639,0.5081967213114754,0.48360655737704916,0.36065573770491804,0.11475409836065575,0.4508196721311475,0.4098360655737705,0.2786885245901639,0.5737704918032787,0.9672131147540983,0.3524590163934426,0.4918032786885246,0.5081967213114754,0.24590163934426235,0.26229508196721313,0.5081967213114754,0.16393442622950818,0.9672131147540983,0.5081967213114754,0.6065573770491803,0.21311475409836064,0.5081967213114754,0.14754098360655737,0.5737704918032787,0.5409836065573771,0.48360655737704916,0.9754098360655737,0.5,0.8032786885245902,0.6721311475409836,0.5245901639344263,0.8852459016393442
19,Fábio,28,BRI Liga 1 25-26,"LCMF, LDMF, RCMF",Persija,Brazil,0.5983606557377049,0.3114754098360656,1,0.7213114754098361,0.26229508196721313,0.8524590163934426,0.9344262295081968,0.5409836065573771,0.47540983606557374,0.8360655737704918,0.48360655737704916,0.9672131147540983,0.8852459016393442,0.3442622950819672,0.7540983606557377,0.8524590163934426,0.47540983606557374,0.6639344262295082,0.4918032786885246,0.6557377049180328,0.5655737704918034,0.7213114754098361,0.8688524590163934,0.7540983606557377,0.8360655737704918,0.8934426229508197,0.4918032786885246,0.5081967213114754,0.9836065573770492,0.7213114754098361,0.5081967213114754,0.9344262295081968,0.8360655737704918,0.5081967213114754,0.3770491803278688,0.9344262295081968,0.5081967213114754,0.9180327868852459,0.3442622950819672,0.8770491803278688,0.3770491803278688,0.39344262295081966,0.3360655737704918,0.7213114754098361,0.13934426229508196,0.3114754098360656,0.5901639344262295
20,W. Hamisi,28,BRI Liga 1 25-26,"RCMF, LCMF, RDMF",Persijap,Indonesia,0.13114754098360656,0.39344262295081966,0.8360655737704918,0.12295081967213115,0.28688524590163933,0.29508196721311475,0.14754098360655737,0.18032786885245902,0.3442622950819672,0.2786885245901639,0.22950819672131148,0.30327868852459017,0.2786885245901639,0.2786885245901639,0.6229508196721312,0.9508196721311475,0.9180327868852459,0.9016393442622951,0.5081967213114754,0.2213114754098361,0.11475409836065575,0.7950819672131147,0.9344262295081968,0.47540983606557374,0.5573770491803278,0.09836065573770492,0.4918032786885246,0.5081967213114754,0.5901639344262295,0.18032786885245902,0.5081967213114754,0.14754098360655737,0.5573770491803278,0.5081967213114754,0.819672131147541,0.09836065573770492,0.5081967213114754,0.19672131147540983,0.4672131147540984,0.26229508196721313,0.680327868852459,0.8360655737704918,0.16393442622950818,0.7704918032786885,0.6229508196721312,0.39344262295081966,0.45901639344262296
21,M. Maričić,28,BRI Liga 1 25-26,"AMF, LW",Persis Solo,Serbia,0.7377049180327869,0.639344262295082,0.7704918032786885,0.4672131147540984,0.5081967213114754,0.5573770491803278,0.6065573770491803,0.9836065573770492,0.9426229508196722,0.9508196721311475,0.9508196721311475,0.30327868852459017,0.819672131147541,0.9508196721311475,0.4426229508196721,0.16393442622950818,0.13114754098360656,0.8360655737704918,0.03278688524590164,0.8934426229508197,0.5901639344262295,0.5655737704918032,0.09836065573770492,0.19672131147540983,0.4344262295081967,0.9672131147540983,0.4918032786885246,0.5081967213114754,0.032786885245901676,0.3114754098360656,0.5081967213114754,0.6065573770491803,0.4344262295081967,0.5081967213114754,0.3442622950819672,0.6721311475409836,0.5081967213114754,0.4262295081967213,0.8852459016393442,0.8032786885245902,0.8442622950819673,0.5573770491803278,0.8770491803278688,0.39344262295081966,0.9344262295081968,0.3524590163934426,0.8688524590163934
22,R. Setiawan,29,BRI Liga 1 25-26,"RDMF, RCMF, LDMF",Semen Padang,Indonesia,0.13114754098360656,0.21311475409836064,0.23770491803278687,0.12295081967213115,0.16393442622950818,0.6557377049180327,0.7049180327868853,0.5655737704918032,0.3442622950819672,0.7213114754098361,0.22950819672131148,1,0.8032786885245902,0.5901639344262295,0.2459016393442623,0.7540983606557377,0.7540983606557377,0.7950819672131147,0.04918032786885246,0.032786885245901676,0.0901639344262295,0.29508196721311475,0.7377049180327869,0.08196721311475409,0.8032786885245902,0.8278688524590164,0.4918032786885246,0.5081967213114754,0.9344262295081968,0.7377049180327869,0.5081967213114754,0.7049180327868853,0.8032786885245902,0.5081967213114754,0.6885245901639344,0.7540983606557377,0.5081967213114754,0.7704918032786885,0.1885245901639344,0.32786885245901637,0.48360655737704916,0.21311475409836064,0.16393442622950818,0.13114754098360656,0.03278688524590164,0.3524590163934426,0.4098360655737705
23,C. Ilić,29,BRI Liga 1 25-26,"LCMF3, LDMF, LCMF",Bhayangkara F.C.,Austria,0.13114754098360656,0.45901639344262296,0.13114754098360656,0.12295081967213115,0.819672131147541,0.08196721311475409,0.06557377049180328,0.4180327868852459,0.3442622950819672,0.13114754098360656,0.22950819672131148,0.30327868852459017,0.32786885245901637,0.7868852459016393,0.01639344262295082,0.14754098360655737,0.14754098360655737,0.11475409836065574,0.01639344262295082,0.1311475409836066,0.06557377049180324,0.29508196721311475,0.21311475409836064,0.4918032786885246,0.8852459016393442,0.040983606557377046,0.4918032786885246,0.5081967213114754,0.06557377049180324,0.14754098360655737,0.5081967213114754,0.06557377049180328,0.8852459016393442,0.5081967213114754,0.8524590163934426,0.11475409836065574,0.5081967213114754,0.09836065573770492,0.3442622950819672,0.1557377049180328,0.48360655737704916,0.28688524590163933,0.9098360655737705,0.6229508196721312,0.9180327868852459,0.6065573770491803,0.6639344262295082
24,E. Sakyi,29,BRI Liga 1 25-26,"LCMF, RB, DMF",Persijap,Ghana,0.13114754098360656,0.13114754098360656,0.5983606557377049,0.12295081967213115,0.09836065573770492,0.32786885245901637,0.3770491803278688,0.13114754098360656,0.040983606557377046,0.13114754098360656,0.22950819672131148,0.860655737704918,0.4262295081967213,0.6065573770491803,0.8360655737704918,0.9180327868852459,0.7049180327868853,0.5163934426229508,0.22950819672131148,0.3688524590163934,0,0.7622950819672131,0.9180327868852459,0.9836065573770492,0.3524590163934426,0.30327868852459017,0.4918032786885246,0.5081967213114754,0.4918032786885246,0.4098360655737705,0.5081967213114754,0.3770491803278688,0.3524590163934426,0.5081967213114754,0.7377049180327869,0.18032786885245902,0.5081967213114754,0.36065573770491804,0.16393442622950818,0.4180327868852459,0.680327868852459,0.040983606557377046,0.819672131147541,0.8524590163934426,0.11475409836065574,0.22950819672131148,0.08196721311475409
25,S. Yamamoto,29,BRI Liga 1 25-26,"LDMF, DMF, AMF",Bhayangkara F.C.,Japan,0.5409836065573771,0.5737704918032787,0.5491803278688525,0.6229508196721312,0.4918032786885246,0.5983606557377049,0.2459016393442623,0.3360655737704918,0.2540983606557377,0.13114754098360656,0.8032786885245902,0.30327868852459017,0.10655737704918032,0.4262295081967213,0.8852459016393442,0.639344262295082,0.6065573770491803,0.5409836065573771,0.9836065573770492,0.7377049180327868,0.4098360655737705,0.5081967213114754,0.6967213114754098,0.9016393442622951,0.9508196721311475,0.30327868852459017,0.4918032786885246,0.5081967213114754,0.6721311475409837,0.8360655737704918,0.5081967213114754,0.2459016393442623,0.9508196721311475,0.5081967213114754,0.36065573770491804,0.29508196721311475,0.5081967213114754,0.6721311475409836,0.3770491803278688,0.18032786885245902,0.4344262295081967,0.22950819672131148,0.7377049180327869,0.6885245901639344,0.8852459016393442,0.7540983606557377,0.5409836065573771
26,J. Bruijn,29,BRI Liga 1 25-26,"LDMF, AMF, LCMF3",Bali United,Netherlands,0.8934426229508197,0.9180327868852459,0.5491803278688525,0.5901639344262295,0.9672131147540983,0.04918032786885246,0.04918032786885246,0.6065573770491803,0.8278688524590164,0.7950819672131147,0.22950819672131148,0.30327868852459017,0.3114754098360656,0.7704918032786885,0.19672131147540983,0.03278688524590164,0.04918032786885246,0.21311475409836064,0.06557377049180328,0.5163934426229508,0.6721311475409837,0.040983606557377046,0.04918032786885246,0.08196721311475409,0.2786885245901639,0.4262295081967213,0.4918032786885246,0.5081967213114754,0.08196721311475408,0.04918032786885246,0.5081967213114754,0.04918032786885246,0.2786885245901639,0.5081967213114754,1,0.16393442622950818,0.5081967213114754,0.04918032786885246,0.9180327868852459,0.09836065573770492,0.8688524590163934,0.9754098360655737,0.9508196721311475,0.04918032786885246,0.8524590163934426,0.6721311475409836,0.7540983606557377
27,D. Sakai,29,BRI Liga 1 25-26,"RDMF, RCMF, LCMF3",PSM,Japan,0.5409836065573771,0.5573770491803278,0.8114754098360656,0.4672131147540984,0.4098360655737705,0.8360655737704918,0.18032786885245902,0.8278688524590164,0.5573770491803278,0.639344262295082,0.8032786885245902,0.30327868852459017,0.4098360655737705,0.1721311475409836,0.45901639344262296,0.18032786885245902,0.06557377049180328,0.26229508196721313,0.6065573770491803,0.9508196721311475,0.5245901639344263,0.040983606557377046,0.22950819672131148,0.08196721311475409,0.5081967213114754,0.6475409836065574,0.4918032786885246,0.5081967213114754,0.5901639344262295,0.09836065573770492,0.5081967213114754,0.18032786885245902,0.5081967213114754,0.5081967213114754,0.5081967213114754,0.23770491803278687,0.5081967213114754,0.4098360655737705,0.6065573770491803,0.29508196721311475,0.11475409836065574,0.26229508196721313,0.16393442622950818,0.11475409836065574,0.5491803278688525,0.4426229508196721,0.6885245901639344
28,A. Messidoro,29,BRI Liga 1 25-26,"RCMF3, RDMF, AMF",Dewa United,Argentina,0.8524590163934426,0.8360655737704918,0.4918032786885246,0.9836065573770492,0.8688524590163934,0.5409836065573771,0.9672131147540983,0.9672131147540983,0.9426229508196722,0.9344262295081968,0.22950819672131148,0.9098360655737705,0.9016393442622951,0.8360655737704918,0.32786885245901637,0.4262295081967213,0.36065573770491804,0.06557377049180328,0.2786885245901639,0.8934426229508197,0.9836065573770492,0.45901639344262296,0.5573770491803278,0.39344262295081966,0.7540983606557377,0.9180327868852459,0.4918032786885246,0.5081967213114754,0.35245901639344257,0.45901639344262296,0.5081967213114754,0.9672131147540983,0.7540983606557377,0.5081967213114754,0.39344262295081966,0.9672131147540983,0.5081967213114754,0.5245901639344263,0.5573770491803278,0.45901639344262296,0.8032786885245902,0.7377049180327869,0.45081967213114754,0.21311475409836064,0.4344262295081967,0.9836065573770492,0.9180327868852459
29,K. Palić,29,BRI Liga 1 25-26,"DMF, LDMF, LCMF",Madura United,Bosnia and Herzegovina,0.2786885245901639,0.4262295081967213,0.6721311475409836,0.39344262295081966,0.22950819672131148,0.5737704918032787,0.639344262295082,0.11475409836065574,0.11475409836065574,0.13114754098360656,0.6311475409836066,0.30327868852459017,0.6885245901639344,0.48360655737704916,0.819672131147541,0.4918032786885246,0.7377049180327869,0.7950819672131147,0.7704918032786885,0.6885245901639344,0.6721311475409837,0.680327868852459,0.4098360655737705,0.7868852459016393,0.7868852459016393,0.18032786885245902,0.4918032786885246,0.5081967213114754,0.4590163934426229,0.47540983606557374,0.5081967213114754,0.639344262295082,0.7868852459016393,0.5081967213114754,0.8032786885245902,0.5245901639344263,0.5081967213114754,0.6557377049180327,0.2459016393442623,0.5081967213114754,0.2459016393442623,0.16393442622950818,0.5,0.8360655737704918,0.45901639344262296,0.9016393442622951,0.12295081967213115
30,R. Kambuaya,30,BRI Liga 1 25-26,"LCMF3, AMF, LAMF",Dewa United,Indonesia,0.7704918032786885,0.6557377049180327,0.4426229508196721,0.9590163934426229,0.7704918032786885,0.4262295081967213,0.5737704918032787,0.6557377049180327,0.6475409836065574,0.639344262295082,0.5573770491803278,0.30327868852459017,0.6557377049180327,0.9344262295081968,0.22950819672131148,0.3360655737704918,0.2786885245901639,0.6885245901639344,0.14754098360655737,0.24590163934426235,0.016393442622950838,0.3770491803278688,0.26229508196721313,0.13114754098360656,0.04918032786885246,0.5,0.4918032786885246,0.5081967213114754,0.049180327868852514,0.4426229508196721,0.5081967213114754,0.5737704918032787,0.04918032786885246,0.5081967213114754,0.4262295081967213,0.7049180327868853,0.5081967213114754,0.3442622950819672,0.4672131147540984,0.7868852459016393,0.9344262295081968,0.5901639344262295,0.5655737704918032,0.16393442622950818,0.6065573770491803,0.9180327868852459,0.7868852459016393
31,K. Hirose,30,BRI Liga 1 25-26,"LCMF3, LDMF, RCMF3",Borneo FC,Japan,0.2786885245901639,0.19672131147540983,0.5491803278688525,0.5409836065573771,0.3114754098360656,1,0.6721311475409836,0.23770491803278687,0.3442622950819672,0.5163934426229508,0.8934426229508197,0.7950819672131147,0.18032786885245902,0.3770491803278688,0.3442622950819672,0.36065573770491804,0.3770491803278688,0.02459016393442623,0.19672131147540983,0.4098360655737705,0.9098360655737705,0.7213114754098361,0.4426229508196721,0.3442622950819672,0.5409836065573771,0.7704918032786885,0.4918032786885246,0.5081967213114754,0.819672131147541,0.8852459016393442,0.5081967213114754,0.6721311475409836,0.5409836065573771,0.5081967213114754,0.29508196721311475,0.639344262295082,0.5081967213114754,0.9672131147540983,0.13114754098360656,0.22131147540983606,0.2459016393442623,0.6475409836065574,0.7049180327868853,0.06557377049180328,0.4098360655737705,0.4098360655737705,0.48360655737704916
32,I. Júnior,30,BRI Liga 1 25-26,"AMF, RCMF3, LCMF3",Madura United,Brazil,0.7131147540983607,0.4918032786885246,0.23770491803278687,0.8442622950819673,0.5737704918032787,0.3442622950819672,0.7213114754098361,0.9016393442622951,0.9098360655737705,0.9098360655737705,0.9262295081967213,0.30327868852459017,0.6721311475409836,0.9672131147540983,0.11475409836065574,0.11475409836065574,0.16393442622950818,0.5819672131147541,0.09836065573770492,0.1885245901639344,0.9098360655737705,0.14754098360655737,0.08196721311475409,0.11475409836065574,0.6885245901639344,0.9344262295081968,0.4918032786885246,0.5081967213114754,0.16393442622950816,0.9016393442622951,0.5081967213114754,0.7213114754098361,0.6885245901639344,0.5081967213114754,0.9672131147540983,0.6885245901639344,0.5081967213114754,0.5737704918032787,0.4918032786885246,0.5901639344262295,0.9508196721311475,0.6065573770491803,1,0.09836065573770492,0.9836065573770492,0.5081967213114754,0.4426229508196721
33,Imanol García,30,BRI Liga 1 25-26,"DMF, RDMF, RCMF",Persik Kediri,Spain,0.5983606557377049,0.47540983606557374,0.04918032786885246,0.9180327868852459,0.36065573770491804,0.819672131147541,0.9180327868852459,0.09016393442622951,0.11475409836065574,0.13114754098360656,0.48360655737704916,0.30327868852459017,0.8688524590163934,0.03278688524590164,0.9180327868852459,1,1,0.819672131147541,0.639344262295082,0.2704918032786885,0.3688524590163934,0.9672131147540983,1,0.9672131147540983,0.6229508196721312,0.09836065573770492,0.4918032786885246,0.5081967213114754,0.9590163934426229,0.6065573770491803,0.5081967213114754,0.9180327868852459,0.6229508196721312,0.5081967213114754,0.5737704918032787,0.9016393442622951,0.5081967213114754,0.7868852459016393,0.2786885245901639,0.22131147540983606,0.3770491803278688,0.18032786885245902,0.3360655737704918,1,0.22131147540983606,0.8360655737704918,0.12295081967213115
34,Sávio Roberto,30,BRI Liga 1 25-26,"AMF, CF, RCMF3",PSM,Brazil,0.7704918032786885,0.9836065573770492,0.3114754098360656,0.3442622950819672,0.9180327868852459,0.2786885245901639,0.30327868852459017,0.6885245901639344,0.47540983606557374,0.4262295081967213,0.6311475409836066,0.30327868852459017,0.4426229508196721,0.5573770491803278,0.09836065573770492,0.3360655737704918,0.1885245901639344,0.18032786885245902,0.13114754098360656,0.06557377049180324,0.2295081967213115,0.4344262295081967,0.39344262295081966,0.639344262295082,0.8524590163934426,0.39344262295081966,0.4918032786885246,0.5081967213114754,0.2295081967213115,0.5573770491803278,0.5081967213114754,0.30327868852459017,0.8524590163934426,0.5081967213114754,0.47540983606557374,0.2786885245901639,0.5081967213114754,0.39344262295081966,1,0.5901639344262295,0.6311475409836066,0.32786885245901637,0.45081967213114754,0.9016393442622951,0.6885245901639344,0.6557377049180327,0.6639344262295082
35,Valdeci,31,BRI Liga 1 25-26,"AMF, RW, RCMF",Arema,Brazil,0.9836065573770492,0.9344262295081968,0.07377049180327869,0.7540983606557377,0.7868852459016393,0.13114754098360656,0.32786885245901637,0.8688524590163934,0.8770491803278688,0.860655737704918,0.7377049180327869,0.30327868852459017,0.3524590163934426,0.9016393442622951,0.04918032786885246,0.22950819672131148,0.1885245901639344,0.7213114754098361,0.5409836065573771,0.7213114754098361,0.8360655737704918,0.39344262295081966,0.16393442622950818,0.2540983606557377,0.18032786885245902,0.7213114754098361,0.4918032786885246,0.5081967213114754,0,0.4918032786885246,0.5081967213114754,0.32786885245901637,0.18032786885245902,0.5081967213114754,0.8688524590163934,0.3442622950819672,0.5081967213114754,0.11475409836065574,0.9508196721311475,0.3114754098360656,1,0.6229508196721312,0.9672131147540983,0.3442622950819672,0.6557377049180327,0.6885245901639344,0.9672131147540983
36,Sousa,31,BRI Liga 1 25-26,"RCMF, RDMF, DMF",Persija,Brazil,0.3442622950819672,0.6229508196721312,0.3360655737704918,0.2459016393442623,0.3360655737704918,0.7704918032786885,0.9508196721311475,0.2786885245901639,0.1885245901639344,0.3442622950819672,0.22950819672131148,0.9836065573770492,0.8524590163934426,0.22950819672131148,0.7868852459016393,0.9672131147540983,0.6639344262295082,0.26229508196721313,0.29508196721311475,0.16393442622950816,0.4098360655737705,0.5409836065573771,0.9836065573770492,1,0.639344262295082,0.7213114754098361,0.4918032786885246,0.5081967213114754,0.819672131147541,0.639344262295082,0.5081967213114754,0.9508196721311475,0.639344262295082,0.5081967213114754,0.22950819672131148,0.9508196721311475,0.5081967213114754,0.7213114754098361,0.6721311475409836,0.040983606557377046,0.680327868852459,0.13114754098360656,0.16393442622950818,0.9836065573770492,0.28688524590163933,0.5901639344262295,0.32786885245901637
37,Andrei Alba,31,BRI Liga 1 25-26,"DMF, RCMF, RDMF",Persis Solo,Brazil,0.13114754098360656,0.2459016393442623,0.8114754098360656,0.12295081967213115,0.06557377049180328,0.9344262295081968,0.9016393442622951,0.4426229508196721,0.7622950819672131,0.8852459016393442,0.22950819672131148,0.860655737704918,0.9836065573770492,0.06557377049180328,0.2786885245901639,0.7868852459016393,0.7704918032786885,0.22950819672131148,0.7540983606557377,0.7868852459016393,0.540983606557377,1,0.8852459016393442,0.5081967213114754,0.6065573770491803,0.7868852459016393,0.4918032786885246,0.5081967213114754,0.6475409836065573,0.5409836065573771,0.5081967213114754,0.9016393442622951,0.6065573770491803,0.5081967213114754,0.8852459016393442,0.8524590163934426,0.5081967213114754,0.8852459016393442,0.4426229508196721,0.22131147540983606,0.680327868852459,1,0.16393442622950818,0.819672131147541,0.13934426229508196,0.16393442622950818,0.23770491803278687
38,Jajá,31,BRI Liga 1 25-26,"LDMF, DMF, RDMF",Dewa United,Brazil,0.4180327868852459,0.3442622950819672,0.4672131147540984,0.319672131147541,0.4672131147540984,0.8934426229508197,0.9836065573770492,0.5163934426229508,0.7622950819672131,0.4262295081967213,0.9672131147540983,0.30327868852459017,0.9672131147540983,0.5327868852459017,0.4918032786885246,0.6065573770491803,0.5901639344262295,0.319672131147541,0.5737704918032787,0.3278688524590164,0.4098360655737705,0.680327868852459,0.6967213114754098,0.6885245901639344,0.45901639344262296,0.7213114754098361,0.4918032786885246,0.5081967213114754,0.6229508196721312,0.6885245901639344,0.5081967213114754,0.9836065573770492,0.45901639344262296,0.5081967213114754,0.09836065573770492,0.9836065573770492,0.5081967213114754,0.8524590163934426,0.6311475409836066,0.5081967213114754,0.5327868852459017,0.9508196721311475,0.16393442622950818,0.5081967213114754,0.7049180327868853,0.21311475409836064,0.3770491803278688
39,Borja Martínez,31,BRI Liga 1 25-26,"LCMF, RCMF, LDMF",Persijap,Spain,0.4672131147540984,0.14754098360655737,0.8688524590163934,0.9590163934426229,0.08196721311475409,0.9180327868852459,0.5573770491803278,0.4180327868852459,0.4262295081967213,0.13114754098360656,0.6885245901639344,0.30327868852459017,0.10655737704918032,0.04918032786885246,0.5081967213114754,0.13114754098360656,0.09836065573770492,0.02459016393442623,0.2459016393442623,0.5819672131147541,0.9098360655737705,0.7213114754098361,0.18032786885245902,0.16393442622950818,0.9180327868852459,0.22131147540983606,0.4918032786885246,0.5081967213114754,0.8524590163934427,0.8032786885245902,0.5081967213114754,0.5573770491803278,0.9180327868852459,0.5081967213114754,0.04918032786885246,0.5737704918032787,0.5081967213114754,0.9426229508196722,0.14754098360655737,0.8770491803278688,0.5983606557377049,0.4426229508196721,0.16393442622950818,0.2786885245901639,0.7213114754098361,0.26229508196721313,0.03278688524590164
40,Moisés Gaúcho,31,BRI Liga 1 25-26,"DMF, LDMF, RDMF",Bhayangkara F.C.,Brazil,0.3442622950819672,0.2786885245901639,0.36065573770491804,0.5573770491803278,0.4672131147540984,0.18032786885245902,0.13114754098360656,0.3770491803278688,0.5573770491803278,0.639344262295082,0.22950819672131148,0.680327868852459,0.4918032786885246,0.13114754098360656,0.6475409836065574,0.8360655737704918,0.9344262295081968,0.6639344262295082,0.4426229508196721,0.14754098360655743,0.0901639344262295,0.9426229508196722,0.8524590163934426,0.8360655737704918,0.09836065573770492,0.5,0.4918032786885246,0.5081967213114754,0.5901639344262295,0.22950819672131148,0.5081967213114754,0.13114754098360656,0.09836065573770492,0.5081967213114754,0.9180327868852459,0.03278688524590164,0.5081967213114754,0.13114754098360656,0.21311475409836064,0.5081967213114754,0.29508196721311475,0.9016393442622951,0.7377049180327869,0.9180327868852459,0.319672131147541,0.5409836065573771,0.5737704918032787
41,T. Haye,31,BRI Liga 1 25-26,"AMF, RCMF3, RDMF",Persib,Netherlands,0.5409836065573771,0.7540983606557377,0.7213114754098361,0.639344262295082,0.7213114754098361,0.5081967213114754,0.7704918032786885,1,1,0.9672131147540983,0.5573770491803278,0.30327868852459017,0.9344262295081968,0.8524590163934426,0.8032786885245902,0.01639344262295082,0.08196721311475409,0.26229508196721313,0.7049180327868853,0.5819672131147541,0.4508196721311475,0.4344262295081967,0.01639344262295082,0.8524590163934426,0.9344262295081968,0.8524590163934426,0.4918032786885246,0.5081967213114754,0.11475409836065575,0.06557377049180328,0.5081967213114754,0.7704918032786885,0.9344262295081968,0.5081967213114754,0.16393442622950818,0.8360655737704918,0.5081967213114754,0.4426229508196721,0.8360655737704918,0.9836065573770492,0.7622950819672131,0.7131147540983607,0.5655737704918032,0.5245901639344263,0.5737704918032787,0.4918032786885246,0.9508196721311475
42,Pablo Ganet,31,BRI Liga 1 25-26,"LCMF, AMF, LDMF",Persita,Spain,0.8114754098360656,0.8032786885245902,0.6229508196721312,0.6721311475409836,0.5573770491803278,0.5245901639344263,0.5245901639344263,0.8278688524590164,0.8278688524590164,0.5163934426229508,0.22950819672131148,0.30327868852459017,0.7295081967213115,0.819672131147541,0.7213114754098361,0.2459016393442623,0.29508196721311475,0.04918032786885246,0.9508196721311475,0.8688524590163934,0.7131147540983607,0.5081967213114754,0.32786885245901637,0.4262295081967213,0.3770491803278688,0.22131147540983606,0.4918032786885246,0.5081967213114754,0.29508196721311475,0.13114754098360656,0.5081967213114754,0.5245901639344263,0.3770491803278688,0.5081967213114754,0.2786885245901639,0.5409836065573771,0.5081967213114754,0.32786885245901637,0.8032786885245902,0.819672131147541,0.7622950819672131,0.6721311475409836,0.7950819672131147,0.45901639344262296,0.8688524590163934,0.7049180327868853,0.5573770491803278
43,Matheus Blade,31,BRI Liga 1 25-26,"RCMF, RCMF3, LDMF",Arema,Brazil,0.2786885245901639,0.5245901639344263,0.7868852459016393,0.28688524590163933,0.4426229508196721,0.6721311475409836,0.4098360655737705,0.040983606557377046,0.040983606557377046,0.5163934426229508,0.48360655737704916,0.30327868852459017,0.20491803278688525,0.29508196721311475,0.6721311475409836,0.7213114754098361,0.8360655737704918,0.7622950819672131,0.7213114754098361,0.2213114754098361,0.4918032786885246,0.8278688524590164,0.7213114754098361,0.8688524590163934,0.13114754098360656,0.3524590163934426,0.4918032786885246,0.5081967213114754,0.6475409836065573,0.9344262295081968,0.5081967213114754,0.4098360655737705,0.13114754098360656,0.5081967213114754,0.5245901639344263,0.39344262295081966,0.5081967213114754,0.8032786885245902,0.4262295081967213,0.1557377049180328,0.2459016393442623,0.040983606557377046,0.5655737704918032,0.9508196721311475,0.01639344262295082,0.639344262295082,0.1885245901639344
44,Gledson,31,BRI Liga 1 25-26,"LDMF, DMF, LCMF",PSM,Brazil,0.4180327868852459,0.32786885245901637,0.03278688524590164,0.28688524590163933,0.4262295081967213,0.7868852459016393,0.6885245901639344,0.23770491803278687,0.4262295081967213,0.4262295081967213,0.22950819672131148,0.7459016393442623,0.8360655737704918,0.11475409836065574,0.8524590163934426,0.9016393442622951,0.8688524590163934,0.14754098360655737,0.9344262295081968,0.1885245901639344,0.16393442622950816,0.9180327868852459,0.9508196721311475,0.9508196721311475,0.3524590163934426,0.39344262295081966,0.4918032786885246,0.5081967213114754,0.6885245901639344,0.6557377049180327,0.5081967213114754,0.6885245901639344,0.3524590163934426,0.5081967213114754,0.8360655737704918,0.5901639344262295,0.5081967213114754,0.7049180327868853,0.6311475409836066,0.7459016393442623,0.3360655737704918,0.8852459016393442,0.16393442622950818,0.8852459016393442,0.3442622950819672,0.18032786885245902,0.23770491803278687
45,Zé Valente,32,BRI Liga 1 25-26,"RDMF, RCMF3",PSIM Yogyakarta,Portugal,0.6721311475409836,0.6721311475409836,0.3770491803278688,0.8442622950819673,0.7049180327868853,0.8032786885245902,1,0.9426229508196722,0.8278688524590164,0.7950819672131147,0.9836065573770492,0.30327868852459017,1,0.9180327868852459,0.21311475409836064,0.45901639344262296,0.2459016393442623,0.45901639344262296,0.5901639344262295,0.6721311475409837,0.3278688524590164,0.14754098360655737,0.4918032786885246,0.2540983606557377,0.9836065573770492,0.8688524590163934,0.4918032786885246,0.5081967213114754,0.35245901639344257,0.3442622950819672,0.5081967213114754,1,0.9836065573770492,0.5081967213114754,0.2459016393442623,1,0.5081967213114754,0.8360655737704918,0.8688524590163934,0.9180327868852459,0.7622950819672131,0.4098360655737705,0.639344262295082,0.01639344262295082,0.8360655737704918,0.3770491803278688,0.8360655737704918
46,W. Subo Seto,32,BRI Liga 1 25-26,"RCMF, RDMF, LCMF3",Bhayangkara F.C.,Indonesia,0.13114754098360656,0.04918032786885246,0.6721311475409836,0.7540983606557377,0.2459016393442623,0.19672131147540983,0.19672131147540983,0.29508196721311475,0.47540983606557374,0.3442622950819672,0.22950819672131148,0.30327868852459017,0.3524590163934426,0.19672131147540983,0.5245901639344263,0.819672131147541,0.9836065573770492,0.9836065573770492,0.3442622950819672,0.049180327868852514,0.1311475409836066,0.860655737704918,0.5901639344262295,0.6229508196721312,0.5245901639344263,0.14754098360655737,0.4918032786885246,0.5081967213114754,0.5491803278688525,0.5737704918032787,0.5081967213114754,0.19672131147540983,0.5245901639344263,0.5081967213114754,0.9508196721311475,0.06557377049180328,0.5081967213114754,0.29508196721311475,0.06557377049180328,0.47540983606557374,0.5655737704918032,0.8032786885245902,0.39344262295081966,0.7540983606557377,0.819672131147541,0.06557377049180328,0.3442622950819672
47,M. Raičković,32,BRI Liga 1 25-26,"RCMF, LDMF, RDMF",Persebaya Surabaya,Montenegro,0.5983606557377049,0.6885245901639344,0.4262295081967213,0.4262295081967213,0.5409836065573771,0.14754098360655737,0.5409836065573771,0.4918032786885246,0.5573770491803278,0.7213114754098361,0.860655737704918,0.9344262295081968,0.7868852459016393,0.48360655737704916,0.6885245901639344,0.4098360655737705,0.45901639344262296,0.14754098360655737,0.47540983606557374,0.48360655737704916,0.6311475409836065,0.5081967213114754,0.5245901639344263,0.5573770491803278,0.19672131147540983,0.8934426229508197,0.4918032786885246,0.5081967213114754,0.5163934426229508,0.08196721311475409,0.5081967213114754,0.5409836065573771,0.19672131147540983,0.5081967213114754,0.9016393442622951,0.5081967213114754,0.5081967213114754,0.08196721311475409,0.7049180327868853,0.7049180327868853,0.8442622950819673,0.6475409836065574,0.16393442622950818,0.4098360655737705,0.1885245901639344,0.47540983606557374,0.7213114754098361
48,S. Tan,32,BRI Liga 1 25-26,"LDMF, DMF, RDMF",Persis Solo,Indonesia,0.13114754098360656,0.5081967213114754,0.01639344262295082,0.12295081967213115,0.21311475409836064,0.39344262295081966,0.39344262295081966,0.09016393442622951,0.1885245901639344,0.13114754098360656,0.7377049180327869,0.30327868852459017,0.5819672131147541,0.1721311475409836,0.47540983606557374,0.6557377049180327,0.5245901639344263,0.6065573770491803,0.26229508196721313,0.7704918032786885,0.8360655737704918,0.9426229508196722,0.6721311475409836,0.6885245901639344,0.29508196721311475,0.26229508196721313,0.4918032786885246,0.5081967213114754,0.9016393442622951,0.39344262295081966,0.5081967213114754,0.39344262295081966,0.29508196721311475,0.5081967213114754,0.7049180327868853,0.4426229508196721,0.5081967213114754,0.3770491803278688,0.10655737704918032,0.040983606557377046,0.11475409836065574,0.5245901639344263,0.16393442622950818,0.8688524590163934,0.5491803278688525,1,0.06557377049180328
49,A. Alis,32,BRI Liga 1 25-26,"AMF, RDMF, DMF",Persib,Indonesia,0.8688524590163934,0.819672131147541,0.09836065573770492,0.7868852459016393,0.7540983606557377,0.6885245901639344,0.3442622950819672,0.6065573770491803,0.6475409836065574,0.7950819672131147,0.6311475409836066,0.30327868852459017,0.20491803278688525,0.6229508196721312,0.4098360655737705,0.5737704918032787,0.639344262295082,0.8852459016393442,0.8360655737704918,0.5573770491803278,0.9590163934426229,0.5655737704918032,0.45901639344262296,0.6885245901639344,0.3114754098360656,0.6475409836065574,0.4918032786885246,0.5081967213114754,0.4098360655737705,0.2786885245901639,0.5081967213114754,0.3442622950819672,0.3114754098360656,0.5081967213114754,0.13114754098360656,0.36065573770491804,0.5081967213114754,0.5409836065573771,0.7213114754098361,0.9508196721311475,0.11475409836065574,0.6885245901639344,0.9344262295081968,0.14754098360655737,0.28688524590163933,0.8524590163934426,0.7704918032786885
50,B. Diarra,32,BRI Liga 1 25-26,"RCMF, RDMF, RCMF3",Semen Padang,France,0.13114754098360656,0.11475409836065574,0.4016393442622951,0.12295081967213115,0.8032786885245902,0.3114754098360656,0.45901639344262296,0.39344262295081966,0.3442622950819672,0.13114754098360656,0.22950819672131148,0.30327868852459017,0.14754098360655737,0.9836065573770492,0.5409836065573771,0.5409836065573771,0.6229508196721312,0.5573770491803278,0.6721311475409836,0.3688524590163934,0.19672131147540983,0.29508196721311475,0.5409836065573771,0.7377049180327869,1,0.040983606557377046,0.4918032786885246,0.5081967213114754,0.5163934426229508,1,0.5081967213114754,0.45901639344262296,1,0.5081967213114754,0.5901639344262295,0.4918032786885246,0.5081967213114754,0.6229508196721312,0.10655737704918032,0.08196721311475409,0.11475409836065574,0.3114754098360656,0.9098360655737705,0.6557377049180327,0.06557377049180328,0.11475409836065574,0.48360655737704916
51,Sin-Young Bae,33,BRI Liga 1 25-26,"LDMF, RCMF, RDMF",Persita,Korea Republic,0.4180327868852459,0.18032786885245902,0.5491803278688525,0.8852459016393442,0.13114754098360656,0.4426229508196721,0.11475409836065574,0.06557377049180328,0.11475409836065574,0.13114754098360656,0.22950819672131148,0.30327868852459017,0.5409836065573771,0.2540983606557377,0.4262295081967213,0.3770491803278688,0.3442622950819672,0.3442622950819672,0.8688524590163934,0.7540983606557377,0.9590163934426229,0.29508196721311475,0.3442622950819672,0.5245901639344263,0.6721311475409836,0.040983606557377046,0.4918032786885246,0.5081967213114754,0.9590163934426229,0.36065573770491804,0.5081967213114754,0.11475409836065574,0.6721311475409836,0.5081967213114754,0.5573770491803278,0.08196721311475409,0.5081967213114754,0.4918032786885246,0.08196721311475409,0.8770491803278688,0.48360655737704916,0.3442622950819672,0.36065573770491804,0.6065573770491803,0.319672131147541,0.45901639344262296,0.21311475409836064
52,M. Klok,33,BRI Liga 1 25-26,"LDMF, LCMF3, DMF",Persib,Netherlands,0.13114754098360656,0.22950819672131148,0.5983606557377049,0.12295081967213115,0.28688524590163933,0.7213114754098361,0.7540983606557377,0.3114754098360656,0.2540983606557377,0.4262295081967213,0.22950819672131148,0.7459016393442623,0.5081967213114754,0.8852459016393442,0.3770491803278688,0.6721311475409836,0.5409836065573771,0.7377049180327869,0.16393442622950818,0.0901639344262295,0.14754098360655743,0.6475409836065574,0.6557377049180327,0.8852459016393442,0.39344262295081966,0.39344262295081966,0.4918032786885246,0.5081967213114754,0.819672131147541,0.819672131147541,0.5081967213114754,0.7540983606557377,0.39344262295081966,0.5081967213114754,0.3114754098360656,0.7868852459016393,0.5081967213114754,0.7377049180327869,0.3114754098360656,0.22131147540983606,0.3360655737704918,0.2459016393442623,0.5655737704918032,0.4918032786885246,0.09836065573770492,0.14754098360655737,0.29508196721311475
53,A. Wakaso,34,BRI Liga 1 25-26,"LDMF, LCMF, DMF",Semen Padang,Ghana,0.13114754098360656,0.5409836065573771,0.6721311475409836,0.12295081967213115,0.18032786885245902,0.8688524590163934,0.47540983606557374,0.1557377049180328,0.11475409836065574,0.13114754098360656,0.5573770491803278,0.30327868852459017,0.6065573770491803,0.21311475409836064,0.9672131147540983,0.7377049180327869,0.819672131147541,0.7049180327868853,0.8032786885245902,0.2704918032786885,0.3688524590163934,0.6065573770491803,0.8032786885245902,0.9180327868852459,0.819672131147541,0.14754098360655737,0.4918032786885246,0.5081967213114754,0.7540983606557377,0.4262295081967213,0.5081967213114754,0.47540983606557374,0.819672131147541,0.5081967213114754,0.08196721311475409,0.32786885245901637,0.5081967213114754,0.8688524590163934,0.4016393442622951,0.9672131147540983,0.29508196721311475,0.09016393442622951,0.47540983606557374,0.9672131147540983,0.3770491803278688,0.7213114754098361,0.26229508196721313
54,T. Receveur,34,BRI Liga 1 25-26,"DMF, LCB, RDMF",Bali United,Netherlands,0.4672131147540984,0.3770491803278688,0.639344262295082,0.7049180327868853,0.39344262295081966,0.8934426229508197,0.8032786885245902,0.36065573770491804,0.3442622950819672,0.2786885245901639,0.860655737704918,0.6229508196721312,0.7704918032786885,0.6557377049180327,0.6065573770491803,0.8688524590163934,0.6885245901639344,0.8524590163934426,0.4098360655737705,0.34426229508196726,0.19672131147540983,0.860655737704918,0.8360655737704918,0.7213114754098361,0.7049180327868853,0.5737704918032787,0.4918032786885246,0.5081967213114754,0.7377049180327868,0.6229508196721312,0.5081967213114754,0.8032786885245902,0.7049180327868853,0.5081967213114754,0.4426229508196721,0.7213114754098361,0.5081967213114754,0.9016393442622951,0.26229508196721313,0.13114754098360656,0.3770491803278688,0.36065573770491804,0.6721311475409836,0.6721311475409836,0.22131147540983606,0.8032786885245902,0.1885245901639344
55,W. Angulo,34,BRI Liga 1 25-26,"LDMF, LCMF, RDMF",Malut United FC,Colombia,0.13114754098360656,0.06557377049180328,0.8688524590163934,0.12295081967213115,0.01639344262295082,0.9836065573770492,0.819672131147541,0.1557377049180328,0.11475409836065574,0.13114754098360656,0.22950819672131148,0.6229508196721312,0.7540983606557377,0.5081967213114754,0.9508196721311475,0.9836065573770492,0.9508196721311475,0.9508196721311475,0.45901639344262296,0.30327868852459017,0.3278688524590164,0.7622950819672131,0.9672131147540983,0.5901639344262295,0.7213114754098361,0.09836065573770492,0.4918032786885246,0.5081967213114754,0.8688524590163934,0.9836065573770492,0.5081967213114754,0.819672131147541,0.7213114754098361,0.5081967213114754,0.6229508196721312,0.8032786885245902,0.5081967213114754,1,0.04918032786885246,0.5901639344262295,0.11475409836065574,0.09016393442622951,0.16393442622950818,0.32786885245901637,0.2459016393442623,0.08196721311475409,0.14754098360655737
56,Nelson Alom,34,BRI Liga 1 25-26,"RCMF, RCMF3, LDMF",PSBS Biak Numfor,Indonesia,0.13114754098360656,0.03278688524590164,0.23770491803278687,0.12295081967213115,0.04918032786885246,0.4098360655737705,0.2786885245901639,0.040983606557377046,0.040983606557377046,0.13114754098360656,0.22950819672131148,0.30327868852459017,0.5245901639344263,0.01639344262295082,0.6475409836065574,0.39344262295081966,0.5737704918032787,0.319672131147541,0.3770491803278688,0.540983606557377,0.19672131147540983,0.29508196721311475,0.36065573770491804,0.8032786885245902,0.07377049180327869,0.040983606557377046,0.4918032786885246,0.5081967213114754,0.9016393442622951,0.29508196721311475,0.5081967213114754,0.2786885245901639,0.07377049180327869,0.5081967213114754,0.26229508196721313,0.23770491803278687,0.5081967213114754,0.3114754098360656,0.1885245901639344,0.040983606557377046,0.11475409836065574,0.040983606557377046,0.16393442622950818,0.639344262295082,0.04918032786885246,0.01639344262295082,0.04918032786885246
57,Telmo Castanheira,34,BRI Liga 1 25-26,"LDMF, LCMF3",Persik Kediri,Portugal,0.7131147540983607,0.7868852459016393,0.07377049180327869,0.5245901639344263,0.6721311475409836,0.21311475409836064,0.8524590163934426,0.6721311475409836,0.5573770491803278,0.5163934426229508,0.22950819672131148,0.30327868852459017,0.9180327868852459,0.08196721311475409,0.9344262295081968,0.6885245901639344,0.7868852459016393,0.6229508196721312,0.9016393442622951,0.6065573770491803,0.25409836065573765,0.47540983606557374,0.7786885245901639,0.819672131147541,0.32786885245901637,0.22131147540983606,0.4918032786885246,0.5081967213114754,0.7786885245901639,0.19672131147540983,0.5081967213114754,0.8524590163934426,0.32786885245901637,0.5081967213114754,0.6557377049180327,0.819672131147541,0.5081967213114754,0.18032786885245902,0.7459016393442623,0.7459016393442623,0.5983606557377049,0.5081967213114754,0.16393442622950818,0.9344262295081968,0.5245901639344263,0.7868852459016393,0.8524590163934426
58,L. Guaycochea,34,BRI Liga 1 25-26,"LDMF, RDMF",Persib,Argentina,0.9180327868852459,0.7704918032786885,0.14754098360655737,0.819672131147541,0.6065573770491803,0.2459016393442623,0.7377049180327869,0.47540983606557374,0.5573770491803278,0.7540983606557377,0.22950819672131148,0.7459016393442623,0.7295081967213115,0.319672131147541,0.5737704918032787,0.6229508196721312,0.8524590163934426,0.639344262295082,0.6229508196721312,0.016393442622950838,0.25409836065573765,0.36065573770491804,0.639344262295082,0.30327868852459017,0.4098360655737705,0.5983606557377049,0.4918032786885246,0.5081967213114754,0.7049180327868853,0.21311475409836064,0.5081967213114754,0.7377049180327869,0.4098360655737705,0.5081967213114754,0.7540983606557377,0.7377049180327869,0.5081967213114754,0.21311475409836064,0.7786885245901639,0.8360655737704918,0.5327868852459017,0.7868852459016393,0.16393442622950818,0.4262295081967213,0.4344262295081967,0.7377049180327869,0.5081967213114754
59,Éber Bessa,34,BRI Liga 1 25-26,"AMF, CF",Persita,Brazil,0.6721311475409836,0.7213114754098361,0.3360655737704918,0.5737704918032787,0.8524590163934426,0.01639344262295082,0.03278688524590164,0.8524590163934426,0.8770491803278688,0.4262295081967213,0.6311475409836066,0.7459016393442623,0.08196721311475409,0.36065573770491804,0.06557377049180328,0.09836065573770492,0.22950819672131148,0.29508196721311475,0.11475409836065574,0,0.032786885245901676,0.040983606557377046,0.11475409836065574,0.22950819672131148,0.2459016393442623,0.5983606557377049,0.4918032786885246,0.5081967213114754,0.19672131147540983,0.01639344262295082,0.5081967213114754,0.03278688524590164,0.2459016393442623,0.5081967213114754,0.45901639344262296,0.01639344262295082,0.5081967213114754,0.01639344262295082,0.7786885245901639,0.4426229508196721,0.5655737704918032,0.7131147540983607,0.6885245901639344,0.7049180327868853,0.9672131147540983,0.5573770491803278,1
60,Tyronne,35,BRI Liga 1 25-26,"AMF, CF",Malut United FC,Spain,0.9508196721311475,0.9672131147540983,0.5081967213114754,1,0.9016393442622951,0.7049180327868853,0.36065573770491804,0.8852459016393442,0.9098360655737705,1,0.22950819672131148,0.819672131147541,0.2459016393442623,0.7377049180327869,0.08196721311475409,0.08196721311475409,0.03278688524590164,0.09836065573770492,0.5409836065573771,0.9344262295081968,0.8360655737704918,0.040983606557377046,0.13934426229508196,0.4426229508196721,0.21311475409836064,1,0.4918032786885246,0.5081967213114754,0.3770491803278688,0.5081967213114754,0.5081967213114754,0.36065573770491804,0.21311475409836064,0.5081967213114754,0.4918032786885246,0.6065573770491803,0.5081967213114754,0.5901639344262295,0.7459016393442623,0.3770491803278688,0.9180327868852459,0.819672131147541,0.5655737704918032,0.7868852459016393,0.48360655737704916,0.9672131147540983,0.5245901639344263
